workload_id,trojan_id,trojan_present,trigger_location,predicted_class,expected_class,detected,expected_localization,localization_code,inference_cycles,detection_cycle,detection_latency_cycles,status
0,Healthy,0,NONE,0,0,0,00,00,634281,0,0,PASS
0,T1,1,Conv2_PE,0,0,1,01,01,634281,149144,149136,PASS
0,T2,1,Conv2_Weight,0,0,1,10,10,634281,149144,149136,PASS
0,T3,1,Conv2_Routing,0,0,1,11,11,634281,149144,149136,PASS
0,T4,1,Conv2_Routing,0,0,1,11,11,634281,149144,149136,PASS
0,T5,1,Conv2_Control,0,0,1,11,11,634282,149143,149135,PASS
1,Healthy,0,NONE,1,1,0,00,00,634281,0,0,PASS
1,T1,1,Conv2_PE,1,1,1,01,01,634281,149144,149136,PASS
1,T2,1,Conv2_Weight,1,1,1,10,10,634281,149144,149136,PASS
1,T3,1,Conv2_Routing,1,1,1,11,11,634281,149144,149136,PASS
1,T4,1,Conv2_Routing,1,1,1,11,11,634281,149144,149136,PASS
1,T5,1,Conv2_Control,1,1,1,11,11,634282,149143,149135,PASS
2,Healthy,0,NONE,2,2,0,00,00,634281,0,0,PASS
2,T1,1,Conv2_PE,2,2,1,01,01,634281,149144,149136,PASS
2,T2,1,Conv2_Weight,2,2,1,10,10,634281,149144,149136,PASS
2,T3,1,Conv2_Routing,2,2,1,11,11,634281,149144,149136,PASS
2,T4,1,Conv2_Routing,2,2,1,11,11,634281,149144,149136,PASS
2,T5,1,Conv2_Control,2,2,1,11,11,634282,149143,149135,PASS
3,Healthy,0,NONE,3,3,0,00,00,634281,0,0,PASS
3,T1,1,Conv2_PE,3,3,1,01,01,634281,149144,149136,PASS
3,T2,1,Conv2_Weight,3,3,1,10,10,634281,149144,149136,PASS
3,T3,1,Conv2_Routing,3,3,1,11,11,634281,149144,149136,PASS
3,T4,1,Conv2_Routing,3,3,1,11,11,634281,149144,149136,PASS
3,T5,1,Conv2_Control,3,3,1,11,11,634282,149143,149135,PASS
4,Healthy,0,NONE,4,4,0,00,00,634281,0,0,PASS
4,T1,1,Conv2_PE,4,4,1,01,01,634281,149144,149136,PASS
4,T2,1,Conv2_Weight,4,4,1,10,10,634281,149144,149136,PASS
4,T3,1,Conv2_Routing,4,4,1,11,11,634281,149144,149136,PASS
4,T4,1,Conv2_Routing,4,4,1,11,11,634281,149144,149136,PASS
4,T5,1,Conv2_Control,4,4,1,11,11,634282,149143,149135,PASS
5,Healthy,0,NONE,5,5,0,00,00,634281,0,0,PASS
5,T1,1,Conv2_PE,5,5,1,01,01,634281,149144,149136,PASS
5,T2,1,Conv2_Weight,5,5,1,10,10,634281,149144,149136,PASS
5,T3,1,Conv2_Routing,5,5,1,11,11,634281,149144,149136,PASS
5,T4,1,Conv2_Routing,5,5,1,11,11,634281,149144,149136,PASS
5,T5,1,Conv2_Control,5,5,1,11,11,634282,149143,149135,PASS
6,Healthy,0,NONE,6,6,0,00,00,634281,0,0,PASS
6,T1,1,Conv2_PE,6,6,1,01,01,634281,149144,149136,PASS
6,T2,1,Conv2_Weight,6,6,1,10,10,634281,149144,149136,PASS
6,T3,1,Conv2_Routing,6,6,1,11,11,634281,149144,149136,PASS
6,T4,1,Conv2_Routing,6,6,1,11,11,634281,149144,149136,PASS
6,T5,1,Conv2_Control,6,6,1,11,11,634282,149143,149135,PASS
7,Healthy,0,NONE,7,7,0,00,00,634281,0,0,PASS
7,T1,1,Conv2_PE,7,7,1,01,01,634281,149144,149136,PASS
7,T2,1,Conv2_Weight,7,7,1,10,10,634281,149144,149136,PASS
7,T3,1,Conv2_Routing,7,7,1,11,11,634281,149144,149136,PASS
7,T4,1,Conv2_Routing,7,7,1,11,11,634281,149144,149136,PASS
7,T5,1,Conv2_Control,7,7,1,11,11,634282,149143,149135,PASS
8,Healthy,0,NONE,8,8,0,00,00,634281,0,0,PASS
8,T1,1,Conv2_PE,8,8,1,01,01,634281,149144,149136,PASS
8,T2,1,Conv2_Weight,8,8,1,10,10,634281,149144,149136,PASS
8,T3,1,Conv2_Routing,8,8,1,11,11,634281,149144,149136,PASS
8,T4,1,Conv2_Routing,8,8,1,11,11,634281,149144,149136,PASS
8,T5,1,Conv2_Control,8,8,1,11,11,634282,149143,149135,PASS
9,Healthy,0,NONE,9,9,0,00,00,634281,0,0,PASS
9,T1,1,Conv2_PE,9,9,1,01,01,634281,149144,149136,PASS
9,T2,1,Conv2_Weight,9,9,1,10,10,634281,149144,149136,PASS
9,T3,1,Conv2_Routing,9,9,1,11,11,634281,149144,149136,PASS
9,T4,1,Conv2_Routing,9,9,1,11,11,634281,149144,149136,PASS
9,T5,1,Conv2_Control,9,9,1,11,11,634282,149143,149135,PASS
