signal,width,value_changes,bit_transitions
product,64,161043,4616449
acc,64,154834,2596279
state,6,634279,2497887
clk,1,1268573,1268573
sim_cycle,64,634287,1268561
cycle_count,64,634283,1268553
cycle_count,64,634283,1268553
c2w_q,8,217459,845369
rdata,8,217459,845369
ic,32,260288,724866
p1_raddr,11,219621,626804
raddr,11,219621,626804
p1_q,32,87940,583286
rdata,32,87940,583286
c2w_ra,11,219880,510530
raddr,11,219880,510530
kc,32,282241,376320
ir,32,94080,284482
c1w_q,8,55468,227001
rdata,8,55468,227001
image_ra,10,55471,154946
raddr,10,55471,154946
kr,32,94081,125440
c1w_ra,7,55468,112928
raddr,7,55468,112928
p2_q,32,6200,63536
rdata,32,6200,63536
addr,32,11760,50250
in_ch,32,25089,43904
image_q,8,9635,37351
rdata,8,9635,37351
c1_addr,13,6272,30595
waddr,13,6272,30595
fcw_q,8,7696,29178
rdata,8,7696,29178
tval,32,3512,28588
pool_max,32,5458,26205
c2_wdata,32,2438,23550
wdata,32,2438,23550
c1_raddr,13,6272,18581
raddr,13,6272,18581
c2_q,32,1891,18338
rdata,32,1891,18338
out_f,32,9409,16856
fcw_ra,13,7840,15668
raddr,13,7840,15668
fc_feature,32,7840,15654
p2_raddr,10,7840,15654
raddr,10,7840,15654
c1_wdata,32,2561,15287
wdata,32,2561,15287
c2_addr,12,3136,14944
waddr,12,3136,14944
we,1,12545,12544
c1_q,32,1621,10245
rdata,32,1621,10245
c2_raddr,12,3136,8278
raddr,12,3136,8278
p2_wdata,32,620,6350
wdata,32,620,6350
we,1,6273,6272
pool_c,32,2353,4256
p1_wdata,32,551,3617
wdata,32,551,3617
we,1,3137,3136
p1_addr,11,1568,3127
waddr,11,1568,3127
out_c,32,981,1876
we,1,1569,1568
p2_addr,10,784,1560
waddr,10,784,1560
pool_r,32,225,400
fc_value,64,10,252
best_value,64,5,130
out_r,32,43,80
pool_ch,32,25,44
class_idx,32,10,16
t3_detection_cycle,64,1,7
detection_latency,64,1,6
best_class,4,4,3
predicted_class,4,2,3
predicted_class,4,2,3
start,1,2,2
localization_code,2,1,2
localization_code,2,1,2
localization_code_reg,2,1,2
done,1,2,1
inference_start_cycle,64,1,1
rst,1,1,1
t3_detected,1,1,1
t3_detected_out,1,1,1
t3_latched,1,1,1
ARG,6,0,0
AW,32,0,0
AW,32,0,0
AW,32,0,0
AW,32,0,0
AW,32,0,0
AW,32,0,0
AW,32,0,0
AW,32,0,0
C1A,6,0,0
C1M,6,0,0
C1S,6,0,0
C1W,6,0,0
C1WR,6,0,0
C2A,6,0,0
C2M,6,0,0
C2S,6,0,0
C2W,6,0,0
C2WR,6,0,0
DEPTH,32,0,0
DEPTH,32,0,0
DEPTH,32,0,0
DEPTH,32,0,0
DEPTH,32,0,0
DEPTH,32,0,0
DEPTH,32,0,0
DEPTH,32,0,0
FCA,6,0,0
FCM,6,0,0
FCS,6,0,0
FCW,6,0,0
FIN,6,0,0
IDLE,6,0,0
INIT_FILE,0,0,0
INIT_FILE,208,0,0
INIT_FILE,0,0,0
INIT_FILE,208,0,0
INIT_FILE,192,0,0
INIT_FILE,208,0,0
INIT_FILE,0,0,0
INIT_FILE,0,0,0
P1A,6,0,0
P1R0,6,0,0
P1R1,6,0,0
P1R2,6,0,0
P1R3,6,0,0
P1S,6,0,0
P1W,6,0,0
P1W1,6,0,0
P1W2,6,0,0
P1W3,6,0,0
P1WR,6,0,0
P2A,6,0,0
P2R0,6,0,0
P2R1,6,0,0
P2R2,6,0,0
P2R3,6,0,0
P2S,6,0,0
P2W,6,0,0
P2W1,6,0,0
P2W2,6,0,0
P2W3,6,0,0
P2WR,6,0,0
WIDTH,32,0,0
WIDTH,32,0,0
WIDTH,32,0,0
WIDTH,32,0,0
WIDTH,32,0,0
WIDTH,32,0,0
WIDTH,32,0,0
WIDTH,32,0,0
t1_detected,1,0,0
t1_detected_out,1,0,0
t1_trigger,1,0,0
t2_detected,1,0,0
t2_detected_out,1,0,0
t2_trigger,1,0,0
t3_trigger,1,0,0
waddr,7,0,0
waddr,11,0,0
waddr,13,0,0
waddr,10,0,0
wdata,8,0,0
wdata,8,0,0
wdata,8,0,0
wdata,8,0,0
we,1,0,0
we,1,0,0
we,1,0,0
we,1,0,0
