workload_id,expected_class,trojan_id,predicted_class,detected,localization_code,inference_cycles,status
00000,7,H,7,0,00,301854,PASS
00000,7,T1,7,1,01,634281,PASS
00000,7,T2,7,1,10,634281,PASS
00000,7,T3,7,1,11,634281,PASS
00000,7,T4,7,1,11,634281,PASS
00000,7,T5,7,1,11,634282,PASS
00017,7,H,7,0,00,301854,PASS
00017,7,T1,7,1,01,634281,PASS
00017,7,T2,7,1,10,634281,PASS
00017,7,T3,7,1,11,634281,PASS
00017,7,T4,7,1,11,634281,PASS
00017,7,T5,7,1,11,634282,PASS
00026,7,H,7,0,00,301854,PASS
00026,7,T1,7,1,01,634281,PASS
00026,7,T2,7,1,10,634281,PASS
00026,7,T3,7,1,11,634281,PASS
00026,7,T4,7,1,11,634281,PASS
00026,7,T5,7,1,11,634282,PASS
00034,7,H,7,0,00,301854,PASS
00034,7,T1,7,1,01,634281,PASS
00034,7,T2,7,1,10,634281,PASS
00034,7,T3,7,1,11,634281,PASS
00034,7,T4,7,1,11,634281,PASS
00034,7,T5,7,1,11,634282,PASS
00036,7,H,7,0,00,301854,PASS
00036,7,T1,7,1,01,634281,PASS
00036,7,T2,7,1,10,634281,PASS
00036,7,T3,7,1,11,634281,PASS
00036,7,T4,7,1,11,634281,PASS
00036,7,T5,7,1,11,634282,PASS
mnist_w0_class0_idx3,mnist_w0_class0_idx3,H,0,0,00,301854,FAIL
mnist_w0_class0_idx3,mnist_w0_class0_idx3,T1,0,1,01,634281,FAIL
mnist_w0_class0_idx3,mnist_w0_class0_idx3,T2,0,1,10,634281,FAIL
mnist_w0_class0_idx3,mnist_w0_class0_idx3,T3,0,1,11,634281,FAIL
mnist_w0_class0_idx3,mnist_w0_class0_idx3,T4,0,1,11,634281,FAIL
mnist_w0_class0_idx3,mnist_w0_class0_idx3,T5,0,1,11,634282,FAIL
mnist_w1_class1_idx2,mnist_w1_class1_idx2,H,1,0,00,301854,FAIL
mnist_w1_class1_idx2,mnist_w1_class1_idx2,T1,1,1,01,634281,FAIL
mnist_w1_class1_idx2,mnist_w1_class1_idx2,T2,1,1,10,634281,FAIL
mnist_w1_class1_idx2,mnist_w1_class1_idx2,T3,1,1,11,634281,FAIL
mnist_w1_class1_idx2,mnist_w1_class1_idx2,T4,1,1,11,634281,FAIL
mnist_w1_class1_idx2,mnist_w1_class1_idx2,T5,1,1,11,634282,FAIL
mnist_w2_class2_idx1,mnist_w2_class2_idx1,H,2,0,00,301854,FAIL
mnist_w2_class2_idx1,mnist_w2_class2_idx1,T1,2,1,01,634281,FAIL
mnist_w2_class2_idx1,mnist_w2_class2_idx1,T2,2,1,10,634281,FAIL
mnist_w2_class2_idx1,mnist_w2_class2_idx1,T3,2,1,11,634281,FAIL
mnist_w2_class2_idx1,mnist_w2_class2_idx1,T4,2,1,11,634281,FAIL
mnist_w2_class2_idx1,mnist_w2_class2_idx1,T5,2,1,11,634282,FAIL
mnist_w3_class3_idx30,mnist_w3_class3_idx30,H,3,0,00,301854,FAIL
mnist_w3_class3_idx30,mnist_w3_class3_idx30,T1,3,1,01,634281,FAIL
mnist_w3_class3_idx30,mnist_w3_class3_idx30,T2,3,1,10,634281,FAIL
mnist_w3_class3_idx30,mnist_w3_class3_idx30,T3,3,1,11,634281,FAIL
mnist_w3_class3_idx30,mnist_w3_class3_idx30,T4,3,1,11,634281,FAIL
mnist_w3_class3_idx30,mnist_w3_class3_idx30,T5,3,1,11,634282,FAIL
mnist_w4_class4_idx4,mnist_w4_class4_idx4,H,4,0,00,301854,FAIL
mnist_w4_class4_idx4,mnist_w4_class4_idx4,T1,4,1,01,634281,FAIL
mnist_w4_class4_idx4,mnist_w4_class4_idx4,T2,4,1,10,634281,FAIL
mnist_w4_class4_idx4,mnist_w4_class4_idx4,T3,4,1,11,634281,FAIL
mnist_w4_class4_idx4,mnist_w4_class4_idx4,T4,4,1,11,634281,FAIL
mnist_w4_class4_idx4,mnist_w4_class4_idx4,T5,4,1,11,634282,FAIL
mnist_w5_class5_idx8,mnist_w5_class5_idx8,H,5,0,00,301854,FAIL
mnist_w5_class5_idx8,mnist_w5_class5_idx8,T1,5,1,01,634281,FAIL
mnist_w5_class5_idx8,mnist_w5_class5_idx8,T2,5,1,10,634281,FAIL
mnist_w5_class5_idx8,mnist_w5_class5_idx8,T3,5,1,11,634281,FAIL
mnist_w5_class5_idx8,mnist_w5_class5_idx8,T4,5,1,11,634281,FAIL
mnist_w5_class5_idx8,mnist_w5_class5_idx8,T5,5,1,11,634282,FAIL
mnist_w6_class6_idx11,mnist_w6_class6_idx11,H,6,0,00,301854,FAIL
mnist_w6_class6_idx11,mnist_w6_class6_idx11,T1,6,1,01,634281,FAIL
mnist_w6_class6_idx11,mnist_w6_class6_idx11,T2,6,1,10,634281,FAIL
mnist_w6_class6_idx11,mnist_w6_class6_idx11,T3,6,1,11,634281,FAIL
mnist_w6_class6_idx11,mnist_w6_class6_idx11,T4,6,1,11,634281,FAIL
mnist_w6_class6_idx11,mnist_w6_class6_idx11,T5,6,1,11,634282,FAIL
mnist_w7_class7_idx0,mnist_w7_class7_idx0,H,7,0,00,301854,FAIL
mnist_w7_class7_idx0,mnist_w7_class7_idx0,T1,7,1,01,634281,PASS
mnist_w7_class7_idx0,mnist_w7_class7_idx0,T2,7,1,10,634281,PASS
mnist_w7_class7_idx0,mnist_w7_class7_idx0,T3,7,1,11,634281,PASS
mnist_w7_class7_idx0,mnist_w7_class7_idx0,T4,7,1,11,634281,PASS
mnist_w7_class7_idx0,mnist_w7_class7_idx0,T5,7,1,11,634282,PASS
mnist_w8_class8_idx61,mnist_w8_class8_idx61,H,8,0,00,301854,FAIL
mnist_w8_class8_idx61,mnist_w8_class8_idx61,T1,8,1,01,634281,FAIL
mnist_w8_class8_idx61,mnist_w8_class8_idx61,T2,8,1,10,634281,FAIL
mnist_w8_class8_idx61,mnist_w8_class8_idx61,T3,8,1,11,634281,FAIL
mnist_w8_class8_idx61,mnist_w8_class8_idx61,T4,8,1,11,634281,FAIL
mnist_w8_class8_idx61,mnist_w8_class8_idx61,T5,8,1,11,634282,FAIL
mnist_w9_class9_idx7,mnist_w9_class9_idx7,H,9,0,00,301854,FAIL
mnist_w9_class9_idx7,mnist_w9_class9_idx7,T1,9,1,01,634281,FAIL
mnist_w9_class9_idx7,mnist_w9_class9_idx7,T2,9,1,10,634281,FAIL
mnist_w9_class9_idx7,mnist_w9_class9_idx7,T3,9,1,11,634281,FAIL
mnist_w9_class9_idx7,mnist_w9_class9_idx7,T4,9,1,11,634281,FAIL
mnist_w9_class9_idx7,mnist_w9_class9_idx7,T5,9,1,11,634282,FAIL
